{"captcha-length":6,"captcha-image-height":50,"captcha-image-width":200,"captcha-image-line":"curved","captcha-image-distortion":"dropshadow","captcha-image-background":"gradient","header-alt":"Oracle Policy Automation","hide-header":true,"hide-header-embedded":true,"header-image-link":"","header-title":"ServiceDelta","header-show-lang-menu":false,"hide-footer":true,"hide-footer-embedded":true,"footer-show-lang-menu":false,"show-progress-stages":true,"hide-progress-stages-embedded":false,"show-screen-title":true,"show-screen-list":true,"language-names":{"en-GB":"English (United Kingdom)"},"progress-stages-theme":1,"show-active-stage-image":true,"show-complete-stage-image":true,"show-incomplete-stage-image":false,"show-future-stage-image":true,"show-active-screen-image":true,"show-complete-screen-image":true,"show-incomplete-screen-image":false,"hide-empty-progress-stages":false,"warnIfUnsaved":false,"show-submit-progress":true,"show-submit-progress-image":true,"allow-random-access":false,"signature-line-height":75,"signature-height":100,"signature-width":498,"include-back-button":true,"automatic-control-focus":true,"show-application-name":false,"show-calendar-icon":true,"show-calendar-dt-icon":true,"max-search-results":20}