﻿<?xml version="1.0" encoding="utf-8"?>
<enumerations product-version="12.2.14.0">
  <project-enum id="762f3027-781e-4e46-8b8e-84dd8e02c384" type="text" name="LoanType">
    <enum-val is-uncertain="true">
      <checked-image file-name="c0ef9638-f1f1-4587-a1e3-8565fcc01568.png" />
      <unchecked-image file-name="a4055aa9-f81c-466e-acf4-ba7f5a49aa8f.png" />
    </enum-val>
    <enum-val value="Car">
      <checked-image file-name="653e52e5-8a23-4db5-b9c2-122e7c21762b.png" />
      <unchecked-image file-name="6bc6daf2-3ea1-4ae5-84ed-29d1e0aa99e4.png" />
    </enum-val>
    <enum-val value="Home">
      <checked-image file-name="a5586781-83ce-4d6f-9fab-40bd95a892d3.png" />
      <unchecked-image file-name="ca5c3ffe-1376-4f86-9c63-7ce3e4fec56d.png" />
    </enum-val>
    <enum-val value="Investment">
      <checked-image file-name="41210612-fc5d-45f6-bdf7-482fd1b55672.png" />
      <unchecked-image file-name="2c8feab9-2977-4a57-8611-02c7e80459c2.png" />
    </enum-val>
  </project-enum>
  <project-enum id="ad384c8b-2f04-4ac9-a96d-fdef00168266" type="text" name="AssetType">
    <enum-val is-uncertain="true" />
    <enum-val value="Cash" />
    <enum-val value="Stocks" />
    <enum-val value="Real Estate" />
  </project-enum>
  <project-enum id="92bc4bc5-04d7-4f97-93ea-fcd6b5739c13" type="text" name="Liability Type">
    <enum-val is-uncertain="true" />
    <enum-val value="Home Loan" />
    <enum-val value="Car Loan" />
    <enum-val value="Credit Card" />
  </project-enum>
  <project-enum id="833daf01-90a3-487e-81d3-0ca5dadeb7b5" type="text" name="Loan Package">
    <enum-val is-uncertain="true" />
    <enum-val value="fixed5" description="5-year fixed" />
    <enum-val value="variable" description="Variable" />
  </project-enum>
</enumerations>