<?xml version="1.0" encoding="utf-8"?><rulebase region="en-AU" timezone="Etc/GMT"><entity text="Global" name="global" has-public-name="true" can-load-externally="false" singleton="true"><attribute name="street-address" has-public-name="true" type="Text" /><attribute name="postal-code" has-public-name="true" type="Text" /><attribute name="city" has-public-name="true" type="Text" /><attribute name="state-province" has-public-name="true" type="Text" /><attribute name="location-total-salary-cost" has-public-name="true" type="Currency" /></entity><entity text="department" name="department" has-public-name="true" can-load-externally="false" singleton="false" identifying-attribute-name="department-name"><attribute name="department-name" has-public-name="true" type="Text" /><attribute name="department-total-salary-cost" has-public-name="true" type="Currency" min-value="0" /></entity><entity text="employee" name="employee" has-public-name="true" can-load-externally="false" singleton="false" identifying-attribute-name="first-name"><attribute name="first-name" has-public-name="true" type="Text" /><attribute name="last-name" has-public-name="true" type="Text" /><attribute name="hire-date" has-public-name="true" type="Date" /><attribute name="salary" has-public-name="true" type="Currency" min-value="0" /><attribute name="commission-pct" has-public-name="true" type="Number" /><attribute name="long-service-date" has-public-name="true" type="Date" /></entity><relationship relationship-id="all-departments" has-public-name="true" relationship-text="all instances of department" reverse-relationship-id="all-departments-rev" has-reverse-public-name="true" source="global" target="department" type="OneToMany" is-containment="true" /><relationship relationship-id="all-employees" has-public-name="true" relationship-text="all instances of employee for department" reverse-relationship-id="all-employees-rev" has-reverse-public-name="true" source="department" target="employee" type="OneToMany" is-containment="true" /><rules module="human-resources:05DF37F66B3C62EF5910748B050409E4"><conclude attr-id="long-service-date" entity-id="employee" scope-id="ent1_0"><value><add-years><attribute attr-id="hire-date" /><number-value>10</number-value></add-years></value></conclude><conclude attr-id="department-total-salary-cost" entity-id="department" scope-id="ent0_0"><value><instance-sum scope-id="ent1_0"><relationship relationship-id="all-employees" /><attribute attr-id="salary" /></instance-sum></value></conclude><conclude attr-id="location-total-salary-cost" entity-id="global" scope-id="global0"><value><instance-sum scope-id="ent0_0"><relationship relationship-id="all-departments" /><attribute attr-id="department-total-salary-cost" /></instance-sum></value></conclude></rules></rulebase>